team	p
IND	0.2412627781485807
ENG	0.24086158447953532
PAK	0.23766034066667602
AUS	0.10923363270108108
NZ	0.056033390838018546
SA	0.05108517868548588
AFG	0.024560319942053595
SL	0.020502903290818032
WI	0.013532423538727528
BAN	0.0036801130228127327
NAM	0.0010176632234429465
SCO	0.00056967146276763
