team	p
ENG	0.24078875252089132
PAK	0.24076523799427796
IND	0.23939163542111927
AUS	0.1090697697312255
NZ	0.055559451447204096
SA	0.051145880778802714
AFG	0.024504752408540866
SL	0.020267949422017446
WI	0.013313439806146353
BAN	0.0036110906597847004
NAM	0.0010425382000733268
SCO	0.0005395016099166287
