team	p
ENG	0.23818304782396899
PAK	0.2365243796248368
IND	0.23327720517026612
AUS	0.1395817681482778
SA	0.05075037776215298
NZ	0.0506665621093666
AFG	0.02454288268577718
WI	0.011711625637419919
SL	0.010096015654060935
BAN	0.003152181182350011
NAM	0.0009934950210277787
SCO	0.0005204591804950249
