team	p
IND	0.24586175439617025
ENG	0.2371796173442148
PAK	0.21858873696890377
AUS	0.11954728117580377
NZ	0.05748613021598552
SA	0.05406754970235883
SL	0.023827009834349856
AFG	0.02358304727631897
WI	0.01410745784393928
BAN	0.004205619508193218
NAM	0.000982271405680745
SCO	0.0005635243280810798
