team	p
ENG	0.23829058683842086
PAK	0.23792042670352623
IND	0.2326000265968559
AUS	0.1392058847447353
SA	0.05056144938089663
NZ	0.05048250878857672
AFG	0.024495490059911657
WI	0.0116121554602562
SL	0.01019800414085027
BAN	0.003121800326245078
NAM	0.0009919940751367815
SCO	0.0005196728845882898
