team	p
ENG	0.23803265019996686
PAK	0.23685841386363796
IND	0.23312990527754918
AUS	0.1394936310349303
SA	0.05071833208844794
NZ	0.05063456935997817
AFG	0.02467543802613021
WI	0.011704230481949525
SL	0.01008964065474788
BAN	0.003150190778059778
NAM	0.0009928676913668914
SCO	0.0005201305432353556
